date,symbol,reportedCurrency,cik,fillingDate,acceptedDate,calendarYear,period,cashAndCashEquivalents,shortTermInvestments,cashAndShortTermInvestments,netReceivables,inventory,otherCurrentAssets,totalCurrentAssets,propertyPlantEquipmentNet,goodwill,intangibleAssets,goodwillAndIntangibleAssets,longTermInvestments,taxAssets,otherNonCurrentAssets,totalNonCurrentAssets,otherAssets,totalAssets,accountPayables,shortTermDebt,taxPayables,deferredRevenue,otherCurrentLiabilities,totalCurrentLiabilities,longTermDebt,deferredRevenueNonCurrent,deferredTaxLiabilitiesNonCurrent,otherNonCurrentLiabilities,totalNonCurrentLiabilities,otherLiabilities,capitalLeaseObligations,totalLiabilities,preferredStock,commonStock,retainedEarnings,accumulatedOtherComprehensiveIncomeLoss,othertotalStockholdersEquity,totalStockholdersEquity,totalEquity,totalLiabilitiesAndStockholdersEquity,minorityInterest,totalLiabilitiesAndTotalEquity,totalInvestments,totalDebt,netDebt,link,finalLink
2023-03-31,MDLZ,USD,0001103982,2023-03-31,2023-03-31 00:00:00,2023,Q1,1917000000,0,1917000000,4312000000,3627000000,2815000000,12671000000,9788000000,23604000000,19810000000,43414000000,3397000000,451000000,3065000000,60115000000,0,72786000000,7885000000,3646000000,0,0,7000000000,18531000000,19064000000,0,3648000000,3269000000,25981000000,0,508000000,44512000000,0,0,33040000000,-10814000000,6002000000,28228000000,28228000000,72786000000,46000000,72786000000,3397000000,22710000000,20793000000,,
2022-12-31,MDLZ,USD,0001103982,2023-02-03,2023-02-03 12:06:38,2022,Q4,1923000000,0,1923000000,3907000000,3381000000,880000000,10091000000,9680000000,23450000000,19710000000,43160000000,4879000000,473000000,2878000000,61070000000,0,71161000000,7562000000,2682000000,0,0,6487000000,16731000000,20765000000,0,3437000000,3308000000,27510000000,0,514000000,44241000000,0,0,31481000000,-10947000000,6349000000,26883000000,26883000000,71161000000,37000000,71161000000,4879000000,23447000000,21524000000,https://www.sec.gov/Archives/edgar/data/1103982/000110398223000006/0001103982-23-000006-index.htm,https://www.sec.gov/Archives/edgar/data/1103982/000110398223000006/mdlz-20221231.htm
2022-09-30,MDLZ,USD,0001103982,2022-11-01,2022-11-01 16:22:56,2022,Q3,2177000000,0,2177000000,3503000000,3393000000,837000000,9910000000,9300000000,22387000000,19313000000,41700000000,4498000000,482000000,2146000000,58126000000,0,68036000000,6726000000,1853000000,0,482000000,5260000000,14321000000,20334000000,3401000000,3401000000,-91000000,27045000000,0,523000000,41366000000,0,0,31437000000,-11231000000,6435000000,26641000000,26641000000,68036000000,29000000,68036000000,4498000000,22187000000,20010000000,https://www.sec.gov/Archives/edgar/data/1103982/000110398222000018/0001103982-22-000018-index.htm,https://www.sec.gov/Archives/edgar/data/1103982/000110398222000018/mdlz-20220930.htm
2022-06-30,MDLZ,USD,0001103982,2022-07-26,2022-07-26 16:22:44,2022,Q2,1924000000,0,1924000000,3182000000,3038000000,1066000000,9210000000,9379000000,22103000000,18339000000,40442000000,4655000000,551000000,1777000000,56804000000,0,66014000000,6787000000,1351000000,0,551000000,4889000000,13578000000,18350000000,3580000000,3580000000,-627000000,24883000000,0,489000000,38461000000,0,0,31431000000,-10638000000,6718000000,27511000000,27511000000,66014000000,42000000,66014000000,4655000000,19701000000,17777000000,https://www.sec.gov/Archives/edgar/data/1103982/000110398222000012/0001103982-22-000012-index.htm,https://www.sec.gov/Archives/edgar/data/1103982/000110398222000012/mdlz-20220630.htm
2022-03-31,MDLZ,USD,0001103982,2022-04-26,2022-04-26 16:15:30,2022,Q1,1946000000,0,1946000000,3692000000,2838000000,1143000000,9619000000,9668000000,22618000000,18829000000,41447000000,5255000000,561000000,1444000000,58375000000,0,67994000000,7241000000,1360000000,0,0,5502000000,14103000000,18852000000,0,3521000000,3302000000,25675000000,0,508000000,39778000000,0,0,31163000000,-10425000000,7423000000,28161000000,28161000000,67994000000,55000000,67994000000,5255000000,20212000000,18266000000,https://www.sec.gov/Archives/edgar/data/1103982/000110398222000007/0001103982-22-000007-index.htm,https://www.sec.gov/Archives/edgar/data/1103982/000110398222000007/mdlz-20220331.htm
2021-12-31,MDLZ,USD,0001103982,2022-02-04,2022-02-04 13:40:11,2021,Q4,3546000000,0,3546000000,3188000000,2708000000,900000000,10342000000,9271000000,21978000000,18291000000,40269000000,5289000000,541000000,1380000000,56750000000,0,67092000000,6730000000,1962000000,0,0,5316000000,14008000000,18009000000,0,3444000000,3308000000,24761000000,0,459000000,38769000000,0,0,30806000000,-10624000000,8087000000,28269000000,28269000000,67092000000,54000000,67092000000,5289000000,19971000000,16425000000,https://www.sec.gov/Archives/edgar/data/1103982/000110398222000003/0001103982-22-000003-index.htm,https://www.sec.gov/Archives/edgar/data/1103982/000110398222000003/mdlz-20211231.htm
2021-09-30,MDLZ,USD,0001103982,2021-11-02,2021-11-02 16:17:56,2021,Q3,3401000000,0,3401000000,3329000000,2922000000,803000000,10455000000,9304000000,22029000000,18413000000,40442000000,5269000000,633000000,1214000000,56862000000,0,67317000000,6484000000,2295000000,0,0,5480000000,14259000000,18168000000,0,3388000000,16525000000,25304000000,0,476000000,39563000000,0,0,30305000000,-10904000000,8297000000,27698000000,27698000000,67317000000,56000000,67317000000,5269000000,20463000000,17062000000,https://www.sec.gov/Archives/edgar/data/1103982/000110398221000018/0001103982-21-000018-index.htm,https://www.sec.gov/Archives/edgar/data/1103982/000110398221000018/mdlz-20210930.htm
2021-06-30,MDLZ,USD,0001103982,2021-07-27,2021-07-27 16:50:04,2021,Q2,1938000000,0,1938000000,2913000000,2925000000,878000000,8654000000,9510000000,22270000000,18691000000,40961000000,5586000000,723000000,1043000000,57823000000,0,66477000000,6375000000,1969000000,0,0,5741000000,14085000000,17535000000,0,3436000000,16428000000,24772000000,0,489000000,38857000000,0,0,29538000000,-10572000000,8577000000,27543000000,27543000000,66477000000,77000000,66477000000,5586000000,19504000000,17566000000,https://www.sec.gov/Archives/edgar/data/1103982/000110398221000013/0001103982-21-000013-index.htm,https://www.sec.gov/Archives/edgar/data/1103982/000110398221000013/mdlz-20210630.htm
2021-03-31,MDLZ,USD,0001103982,2021-04-28,2021-04-27 18:10:08,2021,Q1,2028000000,0,2028000000,3315000000,2635000000,865000000,8843000000,9375000000,21945000000,18527000000,40472000000,5916000000,725000000,1018000000,57506000000,0,66349000000,6372000000,2569000000,0,0,5609000000,14550000000,17408000000,0,3353000000,15709000000,24650000000,0,447000000,39200000000,0,0,28903000000,-10746000000,8918000000,27075000000,27075000000,66349000000,74000000,66349000000,5916000000,19977000000,17949000000,https://www.sec.gov/Archives/edgar/data/1103982/000110398221000008/0001103982-21-000008-index.htm,https://www.sec.gov/Archives/edgar/data/1103982/000110398221000008/mdlz-20210331.htm
2020-12-31,MDLZ,USD,0001103982,2021-02-05,2021-02-05 10:23:42,2020,Q4,3619000000,0,3619000000,2954000000,2647000000,759000000,9979000000,9664000000,21895000000,18482000000,40377000000,6036000000,790000000,964000000,57831000000,0,67810000000,6209000000,2770000000,0,0,6180000000,15159000000,17746000000,0,3346000000,16018000000,24997000000,0,726000000,40156000000,0,0,28402000000,-10690000000,9866000000,27578000000,27578000000,67810000000,76000000,67810000000,6036000000,20516000000,16897000000,https://www.sec.gov/Archives/edgar/data/1103982/000110398221000004/0001103982-21-000004-index.htm,https://www.sec.gov/Archives/edgar/data/1103982/000110398221000004/mdlz-20201231.htm
2020-09-30,MDLZ,USD,0001103982,2020-11-03,2020-11-02 18:11:04,2020,Q3,2759000000,0,2759000000,3056000000,2840000000,791000000,9446000000,9194000000,21335000000,18056000000,39391000000,6488000000,799000000,931000000,56803000000,0,66249000000,5597000000,1198000000,0,0,5890000000,12685000000,19400000000,0,3387000000,19741000000,26536000000,0,484000000,39221000000,0,0,27702000000,-11255000000,10496000000,26943000000,26943000000,66249000000,85000000,66249000000,6488000000,20598000000,17839000000,https://www.sec.gov/Archives/edgar/data/1103982/000110398220000014/0001103982-20-000014-index.htm,https://www.sec.gov/Archives/edgar/data/1103982/000110398220000014/mdlz-20200930.htm
2020-06-30,MDLZ,USD,0001103982,2020-07-29,2020-07-28 18:13:57,2020,Q2,1602000000,0,1602000000,2610000000,2710000000,1073000000,7995000000,9010000000,20997000000,17877000000,38874000000,6659000000,785000000,871000000,56199000000,0,64194000000,5466000000,3700000000,0,0,5373000000,14539000000,16483000000,0,3383000000,14392000000,23558000000,0,479000000,38097000000,0,0,27040000000,-11419000000,10397000000,26018000000,26018000000,64194000000,79000000,64194000000,6659000000,20183000000,18581000000,https://www.sec.gov/Archives/edgar/data/1103982/000110398220000009/0001103982-20-000009-index.htm,https://www.sec.gov/Archives/edgar/data/1103982/000110398220000009/a2020q210-qdocument.htm
2020-03-31,MDLZ,USD,0001103982,2020-04-29,2020-04-28 18:34:52,2020,Q1,1925000000,0,1925000000,3298000000,2441000000,1404000000,9068000000,8644000000,20216000000,17271000000,37487000000,6887000000,708000000,804000000,54530000000,0,63598000000,5554000000,6436000000,0,0,5014000000,17004000000,13787000000,0,3308000000,8852000000,20842000000,0,433000000,37846000000,0,0,26961000000,-11625000000,10338000000,25674000000,25674000000,63598000000,78000000,63598000000,6887000000,20223000000,18298000000,https://www.sec.gov/Archives/edgar/data/1103982/000110398220000006/0001103982-20-000006-index.htm,https://www.sec.gov/Archives/edgar/data/1103982/000110398220000006/a2020q110-qdocument.htm
2019-12-31,MDLZ,USD,0001103982,2020-02-07,2020-02-07 11:22:43,2019,Q4,1291000000,0,1291000000,2927000000,2546000000,866000000,7630000000,9301000000,20848000000,17957000000,38805000000,7212000000,726000000,875000000,56919000000,0,64549000000,5853000000,4219000000,0,0,5250000000,15322000000,14610000000,0,3338000000,11804000000,21876000000,0,403000000,37198000000,0,0,26653000000,-10258000000,10880000000,27275000000,27275000000,64549000000,76000000,64549000000,7212000000,18829000000,17538000000,https://www.sec.gov/Archives/edgar/data/1103982/000110398220000003/0001103982-20-000003-index.htm,https://www.sec.gov/Archives/edgar/data/1103982/000110398220000003/mdlz10k123119document1.htm
2019-09-30,MDLZ,USD,0001103982,2019-10-30,2019-10-29 19:11:46,2019,Q3,1537000000,0,1537000000,3175000000,2742000000,1176000000,8630000000,8912000000,20465000000,17642000000,38107000000,7040000000,696000000,510000000,55265000000,0,63895000000,5322000000,6927000000,0,0,4871000000,17120000000,13022000000,0,3232000000,7652000000,19901000000,0,429000000,37021000000,0,0,26345000000,-10717000000,11178000000,26806000000,26806000000,63895000000,68000000,63895000000,7040000000,19949000000,18412000000,https://www.sec.gov/Archives/edgar/data/1103982/000110398219000017/0001103982-19-000017-index.htm,https://www.sec.gov/Archives/edgar/data/1103982/000110398219000017/a2019q310-qdocument.htm
2019-06-30,MDLZ,USD,0001103982,2019-07-31,2019-07-30 18:19:42,2019,Q2,1248000000,0,1248000000,2891000000,2731000000,966000000,7836000000,9187000000,20701000000,17943000000,38644000000,7095000000,263000000,548000000,55737000000,0,63573000000,5312000000,7455000000,0,0,5031000000,17798000000,12211000000,0,3591000000,6834000000,19601000000,0,447000000,37399000000,0,0,25348000000,-10541000000,11286000000,26093000000,26093000000,63573000000,81000000,63573000000,7095000000,19666000000,18418000000,https://www.sec.gov/Archives/edgar/data/1103982/000110398219000014/0001103982-19-000014-index.htm,https://www.sec.gov/Archives/edgar/data/1103982/000110398219000014/a2019q210-qdocument.htm
2019-03-31,MDLZ,USD,0001103982,2019-05-01,2019-04-30 18:22:02,2019,Q1,1542000000,0,1542000000,3536000000,2620000000,841000000,8539000000,9156000000,20686000000,17958000000,38644000000,7004000000,270000000,549000000,55623000000,0,64162000000,5566000000,6983000000,0,0,5172000000,17721000000,12907000000,0,3546000000,7983000000,20532000000,0,470000000,38253000000,0,0,24954000000,-10498000000,11372000000,25828000000,25828000000,64162000000,81000000,64162000000,7004000000,19890000000,18348000000,https://www.sec.gov/Archives/edgar/data/1103982/000110398219000010/0001103982-19-000010-index.htm,https://www.sec.gov/Archives/edgar/data/1103982/000110398219000010/a2019q110-qdocument.htm
2018-12-31,MDLZ,USD,0001103982,2019-02-08,2019-02-08 10:34:04,2018,Q4,1100000000,0,1100000000,3006000000,2592000000,906000000,7604000000,8482000000,20725000000,18002000000,38727000000,7123000000,255000000,538000000,55125000000,0,62729000000,5794000000,5840000000,0,0,5103000000,16737000000,12532000000,0,3552000000,8645000000,20279000000,0,0,37016000000,0,0,24491000000,-10630000000,11776000000,25637000000,25637000000,62729000000,76000000,62729000000,7123000000,18372000000,17272000000,https://www.sec.gov/Archives/edgar/data/1103982/000110398219000005/0001103982-19-000005-index.htm,https://www.sec.gov/Archives/edgar/data/1103982/000110398219000005/mdlz10k123118document.htm
2018-09-30,MDLZ,USD,0001103982,2018-10-30,2018-10-29 18:16:57,2018,Q3,1373000000,0,1373000000,3577000000,2842000000,930000000,8722000000,8403000000,20900000000,18136000000,39036000000,7006000000,236000000,515000000,55196000000,0,63918000000,5374000000,5212000000,0,0,4922000000,15508000000,14852000000,0,3558000000,12292000000,22878000000,0,0,38386000000,0,0,24075000000,-10642000000,12024000000,25457000000,25457000000,63918000000,75000000,63918000000,7006000000,20064000000,18691000000,https://www.sec.gov/Archives/edgar/data/1103982/000110398218000013/0001103982-18-000013-index.htm,https://www.sec.gov/Archives/edgar/data/1103982/000110398218000013/a2018q310-qdocument.htm
2018-06-30,MDLZ,USD,0001103982,2018-07-26,2018-07-25 18:01:55,2018,Q2,1246000000,0,1246000000,3234000000,2683000000,1039000000,8202000000,8384000000,21002000000,18362000000,39364000000,6223000000,259000000,542000000,54772000000,0,62974000000,5248000000,4854000000,0,0,4730000000,14832000000,14857000000,0,3395000000,12753000000,22855000000,0,0,37687000000,0,0,23305000000,-10526000000,12424000000,25203000000,25203000000,62974000000,84000000,62974000000,6223000000,19711000000,18465000000,https://www.sec.gov/Archives/edgar/data/1103982/000110398218000009/0001103982-18-000009-index.htm,https://www.sec.gov/Archives/edgar/data/1103982/000110398218000009/q2-201810qdocument.htm
2018-03-31,MDLZ,USD,0001103982,2018-05-02,2018-05-02 09:43:53,2018,Q1,1130000000,0,1130000000,3954000000,2620000000,666000000,8370000000,8792000000,21301000000,18810000000,40111000000,6347000000,301000000,582000000,56133000000,0,64503000000,5727000000,5608000000,0,0,5463000000,16798000000,13180000000,0,3419000000,9820000000,21155000000,0,0,37953000000,0,0,23315000000,-9858000000,12995000000,26452000000,26452000000,64503000000,98000000,64503000000,6347000000,18788000000,17658000000,https://www.sec.gov/Archives/edgar/data/1103982/000110398218000005/0001103982-18-000005-index.htm,https://www.sec.gov/Archives/edgar/data/1103982/000110398218000005/mdlz10q33118doc.htm
2017-12-31,MDLZ,USD,0001103982,2018-02-09,2018-02-09 10:33:19,2017,Q4,761000000,0,761000000,3526000000,2557000000,676000000,7520000000,8677000000,21085000000,18639000000,39724000000,6345000000,319000000,524000000,55589000000,0,63109000000,5705000000,4680000000,0,0,5408000000,15793000000,12972000000,0,3376000000,10740000000,21125000000,0,0,36918000000,0,0,22749000000,-9998000000,13360000000,26111000000,26111000000,63109000000,80000000,63109000000,6345000000,17652000000,16891000000,https://www.sec.gov/Archives/edgar/data/1103982/000119312518037332/0001193125-18-037332-index.htm,https://www.sec.gov/Archives/edgar/data/1103982/000119312518037332/d466496d10k.htm
2017-09-30,MDLZ,USD,0001103982,2017-10-31,2017-10-31 10:18:32,2017,Q3,844000000,0,844000000,3913000000,2781000000,617000000,8155000000,8538000000,21071000000,18638000000,39709000000,6060000000,332000000,497000000,55136000000,0,63291000000,5139000000,5715000000,0,0,5181000000,16035000000,12918000000,0,4664000000,10303000000,21157000000,0,0,37192000000,0,0,22296000000,-9917000000,13652000000,26031000000,26031000000,63291000000,68000000,63291000000,6060000000,18633000000,17789000000,https://www.sec.gov/Archives/edgar/data/1103982/000119312517326282/0001193125-17-326282-index.htm,https://www.sec.gov/Archives/edgar/data/1103982/000119312517326282/d456152d10q.htm
2017-06-30,MDLZ,USD,0001103982,2017-08-02,2017-08-02 12:53:57,2017,Q2,1397000000,0,1397000000,3308000000,2710000000,778000000,8193000000,8444000000,20915000000,18514000000,39429000000,5853000000,347000000,491000000,54564000000,0,62757000000,5012000000,5555000000,0,0,4996000000,15563000000,13226000000,0,4587000000,10835000000,21402000000,0,0,36965000000,0,0,21648000000,-10217000000,14289000000,25720000000,25720000000,62757000000,72000000,62757000000,5853000000,18781000000,17384000000,https://www.sec.gov/Archives/edgar/data/1103982/000119312517245459/0001193125-17-245459-index.htm,https://www.sec.gov/Archives/edgar/data/1103982/000119312517245459/d412472d10q.htm
2017-03-31,MDLZ,USD,0001103982,2017-05-03,2017-05-03 09:49:13,2017,Q1,1307000000,0,1307000000,3864000000,2603000000,641000000,8415000000,8377000000,20515000000,18297000000,38812000000,5594000000,359000000,519000000,53661000000,0,62076000000,4897000000,5468000000,0,0,4692000000,15057000000,12906000000,0,4676000000,10935000000,21300000000,0,0,36357000000,0,0,21468000000,-10564000000,14754000000,25658000000,25658000000,62076000000,61000000,62076000000,5594000000,18374000000,17067000000,https://www.sec.gov/Archives/edgar/data/1103982/000119312517155252/0001193125-17-155252-index.htm,https://www.sec.gov/Archives/edgar/data/1103982/000119312517155252/d346910d10q.htm
2016-12-31,MDLZ,USD,0001103982,2017-02-24,2017-02-24 13:04:38,2016,Q4,1741000000,0,1741000000,3470000000,2469000000,800000000,8480000000,8229000000,20276000000,18101000000,38377000000,5585000000,358000000,509000000,53058000000,0,61538000000,5318000000,3982000000,0,0,5117000000,14417000000,13217000000,0,4721000000,12606000000,21906000000,0,0,36323000000,0,0,21149000000,-11122000000,15134000000,25161000000,25161000000,61538000000,54000000,61538000000,5585000000,17199000000,15458000000,https://www.sec.gov/Archives/edgar/data/1103982/000119312517055858/0001193125-17-055858-index.htm,https://www.sec.gov/Archives/edgar/data/1103982/000119312517055858/d288385d10k.htm
2016-09-30,MDLZ,USD,0001103982,2016-10-26,2016-10-26 14:42:49,2016,Q3,1686000000,0,1686000000,3914000000,2776000000,479000000,8855000000,8465000000,20751000000,18721000000,39472000000,5717000000,289000000,467000000,54410000000,0,63265000000,4884000000,4001000000,0,0,5072000000,13957000000,13105000000,0,4762000000,12846000000,21731000000,0,0,35688000000,0,0,21366000000,-9699000000,15842000000,27509000000,27509000000,63265000000,68000000,63265000000,5717000000,17106000000,15420000000,https://www.sec.gov/Archives/edgar/data/1103982/000119312516747755/0001193125-16-747755-index.htm,https://www.sec.gov/Archives/edgar/data/1103982/000119312516747755/d252200d10q.htm
2016-06-30,MDLZ,USD,0001103982,2016-07-27,2016-07-27 16:22:42,2016,Q2,1755000000,0,1755000000,3919000000,2713000000,592000000,8979000000,8425000000,20741000000,18781000000,39522000000,5618000000,270000000,457000000,54292000000,0,63271000000,4562000000,3702000000,0,0,4732000000,12996000000,13578000000,0,4801000000,14335000000,22599000000,0,0,35595000000,0,0,21127000000,-9768000000,16233000000,27592000000,27592000000,63271000000,84000000,63271000000,5618000000,17280000000,15525000000,https://www.sec.gov/Archives/edgar/data/1103982/000119312516660006/0001193125-16-660006-index.htm,https://www.sec.gov/Archives/edgar/data/1103982/000119312516660006/d395636d10q.htm
2016-03-31,MDLZ,USD,0001103982,2016-04-28,2016-04-28 10:46:09,2016,Q1,1338000000,0,1338000000,4325000000,2756000000,590000000,9009000000,8534000000,20977000000,19094000000,40071000000,5630000000,281000000,450000000,54966000000,0,63975000000,4779000000,3599000000,0,0,4800000000,13178000000,13800000000,0,4738000000,14557000000,22935000000,0,0,36113000000,0,0,20970000000,-9381000000,16181000000,27770000000,27770000000,63975000000,92000000,63975000000,5630000000,17399000000,16061000000,https://www.sec.gov/Archives/edgar/data/1103982/000119312516561707/0001193125-16-561707-index.htm,https://www.sec.gov/Archives/edgar/data/1103982/000119312516561707/d149717d10q.htm
2015-12-31,MDLZ,USD,0001103982,2016-02-19,2016-02-19 11:41:16,2015,Q4,1870000000,0,1870000000,3846000000,2609000000,633000000,8958000000,8362000000,20664000000,18768000000,39432000000,5387000000,0,704000000,53885000000,0,62843000000,4890000000,841000000,0,0,5191000000,10922000000,14557000000,0,4750000000,18090000000,23821000000,0,0,34743000000,0,0,20700000000,-9986000000,17298000000,28012000000,28012000000,62843000000,88000000,62843000000,5387000000,15398000000,13528000000,https://www.sec.gov/Archives/edgar/data/1103982/000119312516469394/0001193125-16-469394-index.htm,https://www.sec.gov/Archives/edgar/data/1103982/000119312516469394/d51394d10k.htm
2015-09-30,MDLZ,USD,0001103982,2015-10-29,2015-10-29 11:27:05,2015,Q3,2039000000,0,2039000000,5918000000,3029000000,1188000000,12174000000,8564000000,20963000000,19115000000,40078000000,4895000000,0,679000000,54216000000,0,66390000000,4875000000,3330000000,0,0,5432000000,13637000000,13029000000,0,5137000000,14596000000,22801000000,0,0,36438000000,0,0,21707000000,-9609000000,17770000000,29868000000,29868000000,66390000000,84000000,66390000000,4895000000,16359000000,14320000000,https://www.sec.gov/Archives/edgar/data/1103982/000119312515357422/0001193125-15-357422-index.htm,https://www.sec.gov/Archives/edgar/data/1103982/000119312515357422/d94335d10q.htm
2015-06-30,MDLZ,USD,0001103982,2015-07-31,2015-07-31 11:28:20,2015,Q2,1958000000,0,1958000000,4249000000,3000000000,2681000000,11888000000,8728000000,21055000000,19677000000,40732000000,0,0,3770000000,53230000000,0,65118000000,4499000000,6247000000,0,0,6042000000,16788000000,13090000000,0,5289000000,12850000000,23596000000,0,0,40384000000,0,0,14725000000,-8692000000,18612000000,24645000000,24645000000,65118000000,89000000,65118000000,0,19337000000,17379000000,https://www.sec.gov/Archives/edgar/data/1103982/000119312515272328/0001193125-15-272328-index.htm,https://www.sec.gov/Archives/edgar/data/1103982/000119312515272328/d940616d10q.htm
2015-03-31,MDLZ,USD,0001103982,2015-04-30,2015-04-30 11:44:11,2015,Q1,1835000000,0,1835000000,4913000000,3421000000,1695000000,11864000000,9261000000,22356000000,19434000000,41790000000,0,0,1291000000,52342000000,0,64206000000,5199000000,5883000000,0,0,5384000000,16466000000,12822000000,0,5373000000,12046000000,23128000000,0,0,39594000000,0,0,14582000000,-9208000000,19172000000,24546000000,24546000000,64206000000,66000000,64206000000,0,18705000000,16870000000,https://www.sec.gov/Archives/edgar/data/1103982/000119312515160034/0001193125-15-160034-index.htm,https://www.sec.gov/Archives/edgar/data/1103982/000119312515160034/d893461d10q.htm
2014-12-31,MDLZ,USD,0001103982,2015-02-20,2015-02-20 10:47:09,2014,Q4,1631000000,0,1631000000,4751000000,3480000000,1888000000,11750000000,9827000000,23389000000,20335000000,43724000000,0,0,1514000000,55065000000,0,66815000000,5299000000,2835000000,0,0,5873000000,14007000000,13865000000,0,5512000000,16821000000,24955000000,0,0,38962000000,0,0,14529000000,-7318000000,20539000000,27750000000,27750000000,66815000000,103000000,66815000000,0,16700000000,15069000000,https://www.sec.gov/Archives/edgar/data/1103982/000119312515055355/0001193125-15-055355-index.htm,https://www.sec.gov/Archives/edgar/data/1103982/000119312515055355/d840894d10k.htm
2014-09-30,MDLZ,USD,0001103982,2014-11-06,2014-11-06 12:08:12,2014,Q3,1704000000,0,1704000000,5352000000,4122000000,1668000000,12846000000,10152000000,24399000000,21110000000,45509000000,0,0,1460000000,57121000000,0,69967000000,5184000000,3891000000,0,0,5540000000,14615000000,13988000000,0,5753000000,15321000000,24396000000,0,0,39011000000,0,0,14298000000,-4584000000,21130000000,30844000000,30844000000,69967000000,112000000,69967000000,0,17879000000,16175000000,https://www.sec.gov/Archives/edgar/data/1103982/000119312514400312/0001193125-14-400312-index.htm,https://www.sec.gov/Archives/edgar/data/1103982/000119312514400312/d780145d10q.htm
2014-06-30,MDLZ,USD,0001103982,2014-08-08,2014-08-08 10:40:14,2014,Q2,2132000000,0,2132000000,5533000000,4088000000,1347000000,13100000000,10483000000,25527000000,22066000000,47593000000,0,0,1504000000,59580000000,0,72680000000,5303000000,4286000000,0,0,5326000000,14915000000,14255000000,0,6086000000,15769000000,25358000000,0,0,40273000000,0,0,13666000000,-2760000000,21362000000,32268000000,32268000000,72680000000,139000000,72680000000,0,18541000000,16409000000,https://www.sec.gov/Archives/edgar/data/1103982/000119312514302145/0001193125-14-302145-index.htm,https://www.sec.gov/Archives/edgar/data/1103982/000119312514302145/d744588d10q.htm
2014-03-31,MDLZ,USD,0001103982,2014-05-08,2014-05-08 10:27:02,2014,Q1,2422000000,0,2422000000,5900000000,4027000000,1353000000,13702000000,10242000000,25408000000,21992000000,47400000000,0,0,1616000000,59258000000,0,72960000000,5372000000,4177000000,0,0,5776000000,15325000000,14772000000,0,6202000000,16310000000,25859000000,0,0,41184000000,0,0,13315000000,-3116000000,21450000000,31649000000,31649000000,72960000000,127000000,72960000000,0,18949000000,16527000000,https://www.sec.gov/Archives/edgar/data/1103982/000119312514189125/0001193125-14-189125-index.htm,https://www.sec.gov/Archives/edgar/data/1103982/000119312514189125/d704360d10q.htm
2013-12-31,MDLZ,USD,0001103982,2014-03-03,2014-03-03 09:54:31,2013,Q4,2664000000,0,2664000000,5403000000,3743000000,1406000000,13216000000,10247000000,25597000000,21994000000,47591000000,0,0,1503000000,59341000000,0,72557000000,5345000000,2639000000,0,0,6412000000,14396000000,14482000000,0,6282000000,17645000000,25629000000,0,0,40025000000,0,0,13419000000,-2889000000,21843000000,32373000000,32373000000,72557000000,159000000,72557000000,0,17121000000,14457000000,https://www.sec.gov/Archives/edgar/data/1103982/000119312514079175/0001193125-14-079175-index.htm,https://www.sec.gov/Archives/edgar/data/1103982/000119312514079175/d645322d10k.htm
2013-09-30,MDLZ,USD,0001103982,2013-11-07,2013-11-07 10:40:33,2013,Q3,3692000000,0,3692000000,6245000000,4161000000,1365000000,15463000000,10085000000,25679000000,22111000000,47790000000,0,0,1521000000,59396000000,0,74859000000,4533000000,4830000000,0,0,5906000000,15269000000,15089000000,0,6218000000,17735000000,27098000000,0,0,42367000000,0,0,11878000000,-3318000000,23783000000,32343000000,32343000000,74859000000,149000000,74859000000,0,19919000000,16227000000,https://www.sec.gov/Archives/edgar/data/1103982/000119312513431957/0001193125-13-431957-index.htm,https://www.sec.gov/Archives/edgar/data/1103982/000119312513431957/d601967d10q.htm
2013-06-30,MDLZ,USD,0001103982,2013-08-08,2013-08-08 10:47:09,2013,Q2,2476000000,0,2476000000,5989000000,3937000000,1336000000,13738000000,9703000000,25181000000,21869000000,47050000000,0,0,1332000000,58085000000,0,71823000000,4316000000,3075000000,0,0,5742000000,13133000000,14986000000,0,6084000000,19750000000,27141000000,0,0,40274000000,0,0,11117000000,-4182000000,24472000000,31407000000,31407000000,71823000000,142000000,71823000000,0,18061000000,15585000000,https://www.sec.gov/Archives/edgar/data/1103982/000119312513325952/0001193125-13-325952-index.htm,https://www.sec.gov/Archives/edgar/data/1103982/000119312513325952/d549456d10q.htm
2013-03-31,MDLZ,USD,0001103982,2013-05-08,2013-05-08 16:48:28,2013,Q1,2759000000,0,2759000000,6265000000,3849000000,1422000000,14295000000,9845000000,25552000000,22230000000,47782000000,0,0,1376000000,59003000000,0,73298000000,4378000000,3531000000,0,0,5938000000,13847000000,14970000000,0,6293000000,19524000000,27433000000,0,0,41280000000,0,0,10756000000,-3354000000,24472000000,31874000000,31874000000,73298000000,144000000,73298000000,0,18501000000,15742000000,https://www.sec.gov/Archives/edgar/data/1103982/000119312513207666/0001193125-13-207666-index.htm,https://www.sec.gov/Archives/edgar/data/1103982/000119312513207666/d512925d10q.htm
2012-12-31,MDLZ,USD,0001103982,2013-02-25,2013-02-25 11:38:27,2012,Q4,4475000000,0,4475000000,6129000000,3741000000,1277000000,15622000000,10010000000,25801000000,22552000000,48353000000,0,0,1493000000,59856000000,0,75478000000,4642000000,3851000000,0,0,6380000000,14873000000,15574000000,0,6302000000,19757000000,28250000000,0,0,43123000000,0,0,10457000000,-2633000000,24391000000,32215000000,32215000000,75478000000,140000000,75478000000,0,19425000000,14950000000,https://www.sec.gov/Archives/edgar/data/1103982/000119312513073227/0001193125-13-073227-index.htm,https://www.sec.gov/Archives/edgar/data/1103982/000119312513073227/d456052d10k.htm
2012-09-30,MDLZ,USD,0001103982,2012-11-08,2012-11-08 11:09:08,2012,Q3,3873000000,0,3873000000,7110000000,6429000000,2105000000,19517000000,14049000000,37531000000,25196000000,62727000000,0,0,1486000000,78262000000,0,97779000000,5499000000,2183000000,0,0,8163000000,15845000000,27323000000,0,6749000000,37574000000,45256000000,0,0,61101000000,0,0,18921000000,-6559000000,24189000000,36551000000,36551000000,97779000000,127000000,97779000000,0,29506000000,25633000000,https://www.sec.gov/Archives/edgar/data/1103982/000119312512459504/0001193125-12-459504-index.htm,https://www.sec.gov/Archives/edgar/data/1103982/000119312512459504/d404272d10q.htm
2012-06-30,MDLZ,USD,0001103982,2012-08-03,2012-08-03 11:21:51,2012,Q2,4643000000,0,4643000000,6642000000,6165000000,2381000000,19831000000,13757000000,37147000000,24981000000,62128000000,0,0,1398000000,77283000000,0,97114000000,5161000000,2168000000,0,0,8725000000,16054000000,28081000000,0,6807000000,37483000000,44812000000,0,0,60866000000,0,0,18800000000,-6684000000,24017000000,36133000000,36133000000,97114000000,115000000,97114000000,0,30249000000,25606000000,https://www.sec.gov/Archives/edgar/data/1103982/000119312512333937/0001193125-12-333937-index.htm,https://www.sec.gov/Archives/edgar/data/1103982/000119312512333937/d366993d10q.htm
2012-03-31,MDLZ,USD,0001103982,2012-05-04,2012-05-04 11:08:59,2012,Q1,1852000000,0,1852000000,7314000000,6286000000,2241000000,17693000000,14084000000,37940000000,25602000000,63542000000,0,0,1328000000,78954000000,0,96647000000,5545000000,5143000000,0,0,8610000000,19298000000,23198000000,0,6901000000,29570000000,40258000000,0,0,59556000000,0,0,18298000000,-5242000000,23909000000,36965000000,36965000000,96647000000,126000000,96647000000,0,28341000000,26489000000,https://www.sec.gov/Archives/edgar/data/1103982/000119312512210777/0001193125-12-210777-index.htm,https://www.sec.gov/Archives/edgar/data/1103982/000119312512210777/d314276d10q.htm
2011-12-31,MDLZ,USD,0001103982,2012-02-27,2012-02-27 10:45:56,2011,Q4,1974000000,0,1974000000,6361000000,5706000000,2161000000,16202000000,13813000000,37297000000,25186000000,62483000000,0,0,1339000000,77635000000,0,93837000000,5525000000,3836000000,0,0,9084000000,18445000000,23095000000,0,6738000000,30703000000,40064000000,0,0,58509000000,0,0,18012000000,-6637000000,23842000000,35217000000,35217000000,93837000000,111000000,93837000000,0,26931000000,24957000000,https://www.sec.gov/Archives/edgar/data/1103982/000119312512080318/0001193125-12-080318-index.htm,https://www.sec.gov/Archives/edgar/data/1103982/000119312512080318/d277353d10k.htm
2011-09-30,MDLZ,USD,0001103982,2011-11-04,2011-11-04 10:46:54,2011,Q3,1976000000,0,1976000000,6835000000,6399000000,2119000000,17329000000,13856000000,37592000000,25416000000,63008000000,0,0,1639000000,78503000000,0,95832000000,5293000000,5739000000,0,0,9328000000,20360000000,23139000000,0,7580000000,27740000000,38772000000,0,0,59132000000,0,0,17695000000,-4864000000,23761000000,36592000000,36592000000,95832000000,108000000,95832000000,0,28878000000,26902000000,https://www.sec.gov/Archives/edgar/data/1103982/000119312511296642/0001193125-11-296642-index.htm,https://www.sec.gov/Archives/edgar/data/1103982/000119312511296642/d233422d10q.htm
2011-06-30,MDLZ,USD,0001103982,2011-08-05,2011-08-05 11:34:05,2011,Q2,2267000000,0,2267000000,6830000000,6414000000,1985000000,17496000000,14216000000,39063000000,26509000000,65572000000,0,0,1743000000,81531000000,0,99027000000,5308000000,6160000000,0,0,8812000000,20280000000,23420000000,0,7993000000,28168000000,39636000000,0,0,59916000000,0,0,17300000000,-2004000000,23695000000,38991000000,38991000000,99027000000,120000000,99027000000,0,29580000000,27313000000,https://www.sec.gov/Archives/edgar/data/1103982/000119312511211716/0001193125-11-211716-index.htm,https://www.sec.gov/Archives/edgar/data/1103982/000119312511211716/d10q.htm
2011-03-31,MDLZ,USD,0001103982,2011-05-06,2011-05-06 10:16:53,2011,Q1,2088000000,0,2088000000,7131000000,6116000000,2194000000,17529000000,14003000000,38592000000,26351000000,64943000000,0,0,1794000000,80740000000,0,98269000000,5535000000,5757000000,0,0,8487000000,19779000000,24288000000,0,8252000000,29699000000,40991000000,0,0,60770000000,0,0,16876000000,-2744000000,23249000000,37381000000,37381000000,98269000000,118000000,98269000000,0,30045000000,27957000000,https://www.sec.gov/Archives/edgar/data/1103982/000119312511129883/0001193125-11-129883-index.htm,https://www.sec.gov/Archives/edgar/data/1103982/000119312511129883/d10q.htm
2010-12-31,MDLZ,USD,0001103982,2011-02-28,2011-02-28 10:44:30,2010,Q4,2481000000,0,2481000000,6539000000,5310000000,1891000000,16221000000,13792000000,37856000000,25963000000,63819000000,0,0,1457000000,79068000000,0,95289000000,5409000000,1865000000,0,0,8386000000,15660000000,26859000000,0,7984000000,36413000000,43687000000,0,0,59347000000,0,0,16619000000,-3890000000,23105000000,35834000000,35834000000,95289000000,108000000,95289000000,0,28724000000,26243000000,https://www.sec.gov/Archives/edgar/data/1103982/000119312511048979/0001193125-11-048979-index.htm,https://www.sec.gov/Archives/edgar/data/1103982/000119312511048979/d10k.htm
2010-09-30,MDLZ,USD,0001103982,2010-11-05,2010-11-05 11:53:12,2010,Q3,2288000000,0,2288000000,6013000000,5735000000,1788000000,15824000000,13710000000,36764000000,25476000000,62240000000,0,0,1846000000,77796000000,0,93620000000,5130000000,464000000,0,0,8032000000,13626000000,29571000000,0,6992000000,39418000000,45012000000,0,0,58638000000,0,0,16621000000,-4720000000,22979000000,34880000000,34880000000,93620000000,102000000,93620000000,0,30035000000,27747000000,https://www.sec.gov/Archives/edgar/data/1103982/000119312510249526/0001193125-10-249526-index.htm,https://www.sec.gov/Archives/edgar/data/1103982/000119312510249526/d10q.htm
2010-06-30,MDLZ,USD,0001103982,2010-08-06,2010-08-06 10:14:36,2010,Q2,2854000000,0,2854000000,5606000000,5167000000,1624000000,15251000000,13047000000,36439000000,25230000000,61669000000,0,0,1623000000,76339000000,0,91590000000,4913000000,927000000,0,0,7929000000,13769000000,29103000000,0,7353000000,38622000000,44462000000,0,0,58231000000,0,0,16393000000,-5959000000,22865000000,33299000000,33299000000,91590000000,60000000,91590000000,0,30030000000,27176000000,https://www.sec.gov/Archives/edgar/data/1103982/000119312510180593/0001193125-10-180593-index.htm,https://www.sec.gov/Archives/edgar/data/1103982/000119312510180593/d10q.htm
2010-03-31,MDLZ,USD,0001103982,2010-05-07,2010-05-07 12:11:46,2010,Q1,3878000000,0,3878000000,6575000000,5097000000,1665000000,17215000000,13896000000,37119000000,25648000000,62767000000,0,0,1831000000,78494000000,0,95709000000,5422000000,1524000000,0,0,8635000000,15581000000,29496000000,0,7561000000,38688000000,45634000000,0,0,61215000000,0,0,15971000000,-4422000000,22629000000,34178000000,34178000000,95709000000,316000000,95709000000,0,31020000000,27142000000,https://www.sec.gov/Archives/edgar/data/1103982/000119312510112381/0001193125-10-112381-index.htm,https://www.sec.gov/Archives/edgar/data/1103982/000119312510112381/d10q.htm
2009-12-31,MDLZ,USD,0001103982,2010-02-25,2010-02-25 11:55:07,2009,Q4,2101000000,0,2101000000,5197000000,3775000000,1381000000,12454000000,10693000000,28764000000,13429000000,42193000000,0,0,1374000000,54260000000,0,66714000000,3766000000,966000000,0,0,6759000000,11491000000,18024000000,0,4508000000,24519000000,29251000000,0,0,40742000000,0,0,14636000000,-3955000000,15195000000,25876000000,25876000000,66714000000,96000000,66714000000,0,18990000000,16889000000,https://www.sec.gov/Archives/edgar/data/1103982/000119312510040106/0001193125-10-040106-index.htm,https://www.sec.gov/Archives/edgar/data/1103982/000119312510040106/d10k.htm
2009-09-30,MDLZ,USD,0001103982,2009-11-03,2009-11-03 17:10:27,2009,Q3,2996000000,0,2996000000,4720000000,4073000000,1229000000,13018000000,10409000000,28617000000,13319000000,41936000000,0,0,1306000000,53651000000,0,66669000000,3264000000,2617000000,0,0,6175000000,12056000000,18108000000,0,4314000000,23521000000,29402000000,0,0,41458000000,0,0,14394000000,-4355000000,15086000000,25125000000,25125000000,66669000000,86000000,66669000000,0,20725000000,17729000000,https://www.sec.gov/Archives/edgar/data/1103982/000119312509222258/0001193125-09-222258-index.htm,https://www.sec.gov/Archives/edgar/data/1103982/000119312509222258/d10q.htm
2009-06-30,MDLZ,USD,0001103982,2009-08-05,2009-08-05 11:43:35,2009,Q2,1731000000,0,1731000000,4646000000,4011000000,1300000000,11688000000,10224000000,28225000000,13257000000,41482000000,0,0,1260000000,52966000000,0,64654000000,3225000000,1615000000,0,0,5463000000,10303000000,18610000000,0,4266000000,25131000000,29971000000,0,0,40274000000,0,0,14016000000,-4723000000,15003000000,24296000000,24296000000,64654000000,84000000,64654000000,0,20225000000,18494000000,https://www.sec.gov/Archives/edgar/data/1103982/000119312509164943/0001193125-09-164943-index.htm,https://www.sec.gov/Archives/edgar/data/1103982/000119312509164943/d10q.htm
2009-03-31,MDLZ,USD,0001103982,2009-05-05,2009-05-05 16:19:45,2009,Q1,1184000000,0,1184000000,4472000000,4050000000,1435000000,11141000000,9735000000,27348000000,12908000000,40256000000,0,0,1221000000,51212000000,0,62353000000,3207000000,1781000000,0,0,5327000000,10315000000,18385000000,0,4090000000,24595000000,29583000000,0,0,39898000000,0,0,13661000000,-6146000000,14878000000,22393000000,22393000000,62353000000,62000000,62353000000,0,20166000000,18982000000,https://www.sec.gov/Archives/edgar/data/1103982/000119312509099958/0001193125-09-099958-index.htm,https://www.sec.gov/Archives/edgar/data/1103982/000119312509099958/d10q.htm
2008-12-31,MDLZ,USD,0001103982,2009-02-27,2009-02-27 15:10:38,2008,Q4,1244000000,0,1244000000,4704000000,3729000000,1689000000,11366000000,9917000000,27581000000,12926000000,40507000000,0,0,1288000000,51712000000,0,63078000000,3373000000,1662000000,0,0,6009000000,11044000000,18589000000,0,4064000000,7181000000,29834000000,0,0,40878000000,0,0,13345000000,-5994000000,14849000000,22200000000,22200000000,63078000000,0,63078000000,0,20251000000,19007000000,https://www.sec.gov/Archives/edgar/data/1103982/000119312509040798/0001193125-09-040798-index.htm,https://www.sec.gov/Archives/edgar/data/1103982/000119312509040798/d10k.htm
2008-09-30,MDLZ,USD,0001103982,2008-10-31,2008-10-31 13:57:34,2008,Q3,737000000,0,737000000,4709000000,4664000000,1147000000,11257000000,10638000000,28573000000,13496000000,42069000000,0,0,2981000000,55688000000,0,66945000000,3439000000,1719000000,0,0,5137000000,10295000000,18874000000,0,5439000000,5936000000,30249000000,0,0,40544000000,0,0,13623000000,-2005000000,14783000000,26401000000,26401000000,66945000000,0,66945000000,0,20593000000,19856000000,https://www.sec.gov/Archives/edgar/data/1103982/000119312508221342/0001193125-08-221342-index.htm,https://www.sec.gov/Archives/edgar/data/1103982/000119312508221342/d10q.htm
2008-06-30,MDLZ,USD,0001103982,2008-08-01,2008-08-01 09:12:55,2008,Q2,708000000,0,708000000,5223000000,4846000000,897000000,11674000000,11464000000,30497000000,13840000000,44337000000,0,0,3370000000,59171000000,0,70845000000,3541000000,2942000000,0,0,5347000000,11830000000,19348000000,0,5675000000,6042000000,31065000000,0,0,42895000000,0,0,12670000000,-1174000000,16454000000,27950000000,27950000000,70845000000,0,70845000000,0,22290000000,21582000000,https://www.sec.gov/Archives/edgar/data/1103982/000119312508163342/0001193125-08-163342-index.htm,https://www.sec.gov/Archives/edgar/data/1103982/000119312508163342/d10q.htm
