date,symbol,reportedCurrency,cik,fillingDate,acceptedDate,calendarYear,period,revenue,costOfRevenue,grossProfit,grossProfitRatio,researchAndDevelopmentExpenses,generalAndAdministrativeExpenses,sellingAndMarketingExpenses,sellingGeneralAndAdministrativeExpenses,otherExpenses,operatingExpenses,costAndExpenses,interestIncome,interestExpense,depreciationAndAmortization,ebitda,ebitdaratio,operatingIncome,operatingIncomeRatio,totalOtherIncomeExpensesNet,incomeBeforeTax,incomeBeforeTaxRatio,incomeTaxExpense,netIncome,netIncomeRatio,eps,epsdiluted,weightedAverageShsOut,weightedAverageShsOutDil,link,finalLink,otherIncome
2008-06-14,PEP,USD,0000077476,2008-07-23,2008-07-23 16:33:28,2008,Q2,10945000000.0,5078000000.0,5867000000.0,0.5360438556,0.0,3658000000.0,6000000.0,3664000000.0,12000000.0,3676000000.0,8754000000.0,0.0,-132000000,507000000,2692000000.0,0.245957058,2185000000.0,0.1996345363,138000000,2323000000.0,0.2122430333,618000000.0,1699000000.0,0.1552306989,1.07,1.05,1582000000.0,1612000000.0,https://www.sec.gov/Archives/edgar/data/77476/000119312508156305/0001193125-08-156305-index.htm,https://www.sec.gov/Archives/edgar/data/77476/000119312508156305/d10q.htm,513000000
2008-09-06,PEP,USD,0000077476,2008-10-15,2008-10-15 16:46:57,2008,Q3,11244000000.0,5268000000.0,5976000000.0,0.5314834578,0.0,3972000000.0,7000000.0,3979000000.0,6000000.0,3985000000.0,9253000000.0,0.0,-142000000,519000000,2503000000.0,0.2226076129,1984000000.0,0.176449662,149000000,2133000000.0,0.189701174,550000000.0,1576000000.0,0.1401636428,1.01,0.99,1564000000.0,1593000000.0,https://www.sec.gov/Archives/edgar/data/77476/000119312508211024/0001193125-08-211024-index.htm,https://www.sec.gov/Archives/edgar/data/77476/000119312508211024/d10q.htm,526000000
2008-12-27,PEP,USD,0000077476,2009-02-19,2009-02-19 16:40:23,2008,Q4,12729000000.0,6171000000.0,6558000000.0,0.5152015084,0.0,5317000000.0,7000000.0,5324000000.0,14000000.0,5338000000.0,11509000000.0,0.0,201000000,287000000,1500000000.0,0.1178411501,1213000000.0,0.0952942101,-194000000,1019000000.0,0.0800534213,293000000.0,719000000.0,0.0564851913,0.46,0.46,1578000000.0,1578000000.0,https://www.sec.gov/Archives/edgar/data/77476/000119312509033126/0001193125-09-033126-index.htm,https://www.sec.gov/Archives/edgar/data/77476/000119312509033126/d10k.htm,294000000
2009-03-21,PEP,USD,0000077476,2009-04-22,2009-04-22 16:32:34,2009,Q1,8263000000.0,3744000000.0,4519000000.0,0.5468958006,0.0,2921000000.0,0.0,2921000000.0,10000000.0,2931000000.0,6675000000.0,0.0,98000000,333000000,1921000000.0,0.2324821493,1588000000.0,0.1921820162,-73000000,1515000000.0,0.1833474525,374000000.0,1135000000.0,0.1373593126,0.73,0.72,1555000000.0,1570000000.0,https://www.sec.gov/Archives/edgar/data/77476/000119312509084604/0001193125-09-084604-index.htm,https://www.sec.gov/Archives/edgar/data/77476/000119312509084604/d10q.htm,358000000
2009-06-13,PEP,USD,0000077476,2009-07-22,2009-07-22 16:05:51,2009,Q2,10592000000.0,4881000000.0,5711000000.0,0.5391805136,0.0,3507000000.0,0.0,3507000000.0,14000000.0,3521000000.0,8402000000.0,28000000.0,101000000,510000000,2700000000.0,0.2549093656,2190000000.0,0.2067598187,46000000,2236000000.0,0.211102719,568000000.0,1660000000.0,0.1567220544,1.07,1.06,1555000000.0,1572000000.0,https://www.sec.gov/Archives/edgar/data/77476/000119312509153099/0001193125-09-153099-index.htm,https://www.sec.gov/Archives/edgar/data/77476/000119312509153099/d10q.htm,657000000
2009-09-05,PEP,USD,0000077476,2009-10-08,2009-10-08 16:10:28,2009,Q3,11080000000.0,5181000000.0,5899000000.0,0.532400722,0.0,3649000000.0,0.0,3649000000.0,18000000.0,3667000000.0,8848000000.0,16000000.0,86000000,544000000,2776000000.0,0.2505415162,2232000000.0,0.2014440433,76000000,2308000000.0,0.2083032491,575000000.0,1717000000.0,0.1549638989,1.1,1.09,1558000000.0,1577000000.0,https://www.sec.gov/Archives/edgar/data/77476/000119312509205617/0001193125-09-205617-index.htm,https://www.sec.gov/Archives/edgar/data/77476/000119312509205617/d10q.htm,706000000
2009-12-26,PEP,USD,0000077476,2010-02-22,2010-02-22 16:19:59,2009,Q4,13297000000.0,6293000000.0,7004000000.0,0.5267353538,0.0,4949000000.0,0.0,4949000000.0,21000000.0,4970000000.0,11263000000.0,23000000.0,112000000,647000000,2681000000.0,0.2016244266,2034000000.0,0.1529668346,-14000000,2020000000.0,0.1519139656,583000000.0,1434000000.0,0.1078438746,0.9,0.9,1589000000.0,1589000000.0,https://www.sec.gov/Archives/edgar/data/77476/000119312510036385/0001193125-10-036385-index.htm,https://www.sec.gov/Archives/edgar/data/77476/000119312510036385/d10k.htm,745000000
2010-03-20,PEP,USD,0000077476,2010-04-23,2010-04-23 07:46:09,2010,Q1,9368000000.0,4463000000.0,4905000000.0,0.5235909479,0.0,3728000000.0,321000000.0,4049000000.0,16000000.0,4065000000.0,8528000000.0,6000000.0,154000000,372000000,1927000000.0,0.2057002562,1555000000.0,0.1659906063,-154000000,1401000000.0,0.1495516652,-33000000.0,1430000000.0,0.15264731,0.9,0.89,1582000000.0,1606000000.0,https://www.sec.gov/Archives/edgar/data/77476/000119312510090778/0001193125-10-090778-index.htm,https://www.sec.gov/Archives/edgar/data/77476/000119312510090778/d10q.htm,372000000
2010-06-12,PEP,USD,0000077476,2010-07-20,2010-07-20 17:05:46,2010,Q2,14801000000.0,6745000000.0,8056000000.0,0.5442875481,0.0,5408000000.0,155000000.0,5563000000.0,32000000.0,5595000000.0,12340000000.0,2000000.0,172000000,594000000,3055000000.0,0.2064049726,2461000000.0,0.1662725492,-161000000,2300000000.0,0.1553949057,687000000.0,1603000000.0,0.108303493,1.0,0.98,1608000000.0,1634000000.0,https://www.sec.gov/Archives/edgar/data/77476/000119312510161855/0001193125-10-161855-index.htm,https://www.sec.gov/Archives/edgar/data/77476/000119312510161855/d10q.htm,605000000
2010-09-04,PEP,USD,0000077476,2010-10-07,2010-10-07 16:25:50,2010,Q3,15514000000.0,7008000000.0,8506000000.0,0.5482789738,0.0,5607000000.0,69000000.0,5676000000.0,30000000.0,5706000000.0,12714000000.0,18000000.0,169000000,631000000,3431000000.0,0.2211550857,2800000000.0,0.1804821452,-141000000,2659000000.0,0.17139358,729000000.0,1922000000.0,0.1238881011,1.21,1.19,1593000000.0,1618000000.0,https://www.sec.gov/Archives/edgar/data/77476/000119312510225896/0001193125-10-225896-index.htm,https://www.sec.gov/Archives/edgar/data/77476/000119312510225896/d10q.htm,659000000
2010-12-25,PEP,USD,0000077476,2011-02-18,2011-02-18 16:57:00,2010,Q4,18155000000.0,8359000000.0,9796000000.0,0.5395758744,0.0,7263000000.0,263000000.0,7526000000.0,39000000.0,7565000000.0,15924000000.0,42000000.0,408000000,800000000,3031000000.0,0.1669512531,2231000000.0,0.1228862572,-359000000,1872000000.0,0.1031120903,511000000.0,1365000000.0,0.0751858992,0.85,0.85,1607000000.0,1607000000.0,https://www.sec.gov/Archives/edgar/data/77476/000119312511040427/0001193125-11-040427-index.htm,https://www.sec.gov/Archives/edgar/data/77476/000119312511040427/d10k.htm,849000000
2011-03-19,PEP,USD,0000077476,2011-04-28,2011-04-28 09:19:15,2011,Q1,11937000000.0,5447000000.0,6490000000.0,0.5436876937,0.0,4715000000.0,24000000.0,4739000000.0,25000000.0,4764000000.0,10211000000.0,17000000.0,180000000,539000000,2265000000.0,0.1897461674,1726000000.0,0.1445924437,-163000000,1563000000.0,0.1309374215,419000000.0,1143000000.0,0.0957527017,0.72,0.71,1583000000.0,1605000000.0,https://www.sec.gov/Archives/edgar/data/77476/000119312511113679/0001193125-11-113679-index.htm,https://www.sec.gov/Archives/edgar/data/77476/000119312511113679/d10q.htm,556000000
2011-06-11,PEP,USD,0000077476,2011-07-21,2011-07-21 09:15:36,2011,Q2,16827000000.0,7963000000.0,8864000000.0,0.526772449,0.0,6003000000.0,67000000.0,6070000000.0,40000000.0,6110000000.0,14073000000.0,20000000.0,199000000,664000000,3418000000.0,0.2031259286,2754000000.0,0.1636655375,-179000000,2575000000.0,0.1530278719,670000000.0,1885000000.0,0.112022345,1.19,1.17,1583000000.0,1605000000.0,https://www.sec.gov/Archives/edgar/data/77476/000119312511193147/0001193125-11-193147-index.htm,https://www.sec.gov/Archives/edgar/data/77476/000119312511193147/d10q.htm,684000000
2011-09-03,PEP,USD,0000077476,2011-10-12,2011-10-12 16:19:47,2011,Q3,17582000000.0,8452000000.0,9130000000.0,0.5192810829,0.0,6088000000.0,98000000.0,6186000000.0,54000000.0,6240000000.0,14692000000.0,-4000000.0,209000000,679000000,3585000000.0,0.2039017177,2906000000.0,0.1652826755,-209000000,2697000000.0,0.1533955181,686000000.0,2000000000.0,0.1137527016,1.27,1.25,1578000000.0,1599000000.0,https://www.sec.gov/Archives/edgar/data/77476/000119312511269425/0001193125-11-269425-index.htm,https://www.sec.gov/Archives/edgar/data/77476/000119312511269425/d219776d10q.htm,679000000
2011-12-31,PEP,USD,0000077476,2012-02-27,2012-02-27 16:50:56,2011,Q4,20158000000.0,9731000000.0,10427000000.0,0.5172636174,0.0,8150000000.0,0.0,8150000000.0,30000000.0,8180000000.0,17911000000.0,24000000.0,272000000,897000000,3144000000.0,0.155967854,2247000000.0,0.1114693918,-248000000,1999000000.0,0.099166584,597000000.0,1415000000.0,0.0701954559,0.9,0.89,1576000000.0,1584000000.0,https://www.sec.gov/Archives/edgar/data/77476/000119312512081822/0001193125-12-081822-index.htm,https://www.sec.gov/Archives/edgar/data/77476/000119312512081822/d269581d10k.htm,921000000
2012-03-24,PEP,USD,0000077476,2012-04-26,2012-04-26 16:27:36,2012,Q1,12428000000.0,5889000000.0,6539000000.0,0.5261506276,0.0,4824000000.0,-32000000.0,4792000000.0,25000000.0,4817000000.0,10706000000.0,23000000.0,198000000,572000000,2294000000.0,0.1845831992,1722000000.0,0.1385580946,-175000000,1547000000.0,0.1244769874,414000000.0,1127000000.0,0.0906823302,0.72,0.71,1568000000.0,1584000000.0,https://www.sec.gov/Archives/edgar/data/77476/000119312512186092/0001193125-12-186092-index.htm,https://www.sec.gov/Archives/edgar/data/77476/000119312512186092/d320879d10q.htm,595000000
2012-06-16,PEP,USD,0000077476,2012-07-25,2012-07-25 17:20:42,2012,Q2,16458000000.0,7915000000.0,8543000000.0,0.5190788674,0.0,5864000000.0,272000000.0,6136000000.0,30000000.0,6166000000.0,14081000000.0,1000000.0,209000000,634000000,3011000000.0,0.1829505408,2377000000.0,0.1444282416,-208000000,2169000000.0,0.1317900109,668000000.0,1488000000.0,0.0904119577,0.95,0.94,1563000000.0,1581000000.0,https://www.sec.gov/Archives/edgar/data/77476/000119312512314695/0001193125-12-314695-index.htm,https://www.sec.gov/Archives/edgar/data/77476/000119312512314695/d368585d10q.htm,635000000
2012-09-08,PEP,USD,0000077476,2012-10-17,2012-10-17 17:09:32,2012,Q3,16652000000.0,7833000000.0,8819000000.0,0.5296060533,0.0,5953000000.0,39000000.0,5992000000.0,27000000.0,6019000000.0,13852000000.0,23000000.0,204000000,648000000,3448000000.0,0.2070622147,2800000000.0,0.1681479702,-181000000,2619000000.0,0.157278405,706000000.0,1902000000.0,0.1142205141,1.22,1.21,1556000000.0,1575000000.0,https://www.sec.gov/Archives/edgar/data/77476/000144530512003144/0001445305-12-003144-index.htm,https://www.sec.gov/Archives/edgar/data/77476/000144530512003144/pepsicoq3-10xq982012.htm,671000000
2012-12-29,PEP,USD,0000077476,2013-02-21,2013-02-21 16:46:15,2012,Q4,19954000000.0,9654000000.0,10300000000.0,0.5161872306,0.0,8050000000.0,0.0,8050000000.0,37000000.0,8087000000.0,17741000000.0,44000000.0,288000000,890000000,3103000000.0,0.1555076676,2213000000.0,0.1109050817,-244000000,1969000000.0,0.098676957,302000000.0,1661000000.0,0.0832414553,1.08,1.06,1544000000.0,1564000000.0,https://www.sec.gov/Archives/edgar/data/77476/000144530513000278/0001445305-13-000278-index.htm,https://www.sec.gov/Archives/edgar/data/77476/000144530513000278/pepsico201210-k.htm,934000000
2013-03-23,PEP,USD,0000077476,2013-04-19,2013-04-19 16:17:42,2013,Q1,12581000000.0,5834000000.0,6747000000.0,0.536284874,0.0,5054000000.0,12000000.0,5066000000.0,23000000.0,5089000000.0,10923000000.0,27000000.0,214000000,568000000,2226000000.0,0.1769334711,1658000000.0,0.1317860265,-187000000,1471000000.0,0.1169223432,386000000.0,1075000000.0,0.0854463079,0.7,0.69,1545000000.0,1563000000.0,https://www.sec.gov/Archives/edgar/data/77476/000007747613000008/0000077476-13-000008-index.htm,https://www.sec.gov/Archives/edgar/data/77476/000007747613000008/pepsicoq1-10xq3232013.htm,595000000
2013-06-15,PEP,USD,0000077476,2013-07-24,2013-07-24 16:19:52,2013,Q2,16807000000.0,7898000000.0,8909000000.0,0.5300767537,0.0,5995000000.0,18000000.0,6013000000.0,27000000.0,6040000000.0,13938000000.0,18000000.0,208000000,637000000,3506000000.0,0.208603558,2869000000.0,0.1707026834,-190000000,2679000000.0,0.1593978699,654000000.0,2010000000.0,0.1195930267,1.3,1.28,1548000000.0,1567000000.0,https://www.sec.gov/Archives/edgar/data/77476/000007747613000020/0000077476-13-000020-index.htm,https://www.sec.gov/Archives/edgar/data/77476/000007747613000020/pepsicoq2-10xq6152013.htm,655000000
2013-09-07,PEP,USD,0000077476,2013-10-16,2013-10-16 16:24:43,2013,Q3,16909000000.0,7899000000.0,9010000000.0,0.5328523272,0.0,6148000000.0,10000000.0,6158000000.0,72000000.0,6230000000.0,14129000000.0,17000000.0,220000000,637000000,3417000000.0,0.2020817316,2780000000.0,0.1644094861,-203000000,2577000000.0,0.1524040452,654000000.0,1913000000.0,0.1131350169,1.24,1.23,1537000000.0,1561000000.0,https://www.sec.gov/Archives/edgar/data/77476/000007747613000027/0000077476-13-000027-index.htm,https://www.sec.gov/Archives/edgar/data/77476/000007747613000027/pepsicoq3-10xq972013.htm,654000000
2013-12-28,PEP,USD,0000077476,2014-02-14,2014-02-14 16:26:07,2013,Q4,20118000000.0,9524000000.0,10594000000.0,0.5265931007,0.0,7999000000.0,121000000.0,8120000000.0,76000000.0,8196000000.0,17720000000.0,35000000.0,269000000,871000000,3269000000.0,0.1624913013,2398000000.0,0.1191967392,-234000000,2164000000.0,0.1075653644,410000000.0,1742000000.0,0.0865891242,1.14,1.12,1529000000.0,1552000000.0,https://www.sec.gov/Archives/edgar/data/77476/000007747614000007/0000077476-14-000007-index.htm,https://www.sec.gov/Archives/edgar/data/77476/000007747614000007/pepsico201310-k.htm,906000000
2014-03-22,PEP,USD,0000077476,2014-04-17,2014-04-17 16:16:17,2014,Q1,12623000000.0,5747000000.0,6876000000.0,0.5447199556,0.0,4967000000.0,81000000.0,5048000000.0,21000000.0,5069000000.0,10816000000.0,10000000.0,201000000,531000000,2338000000.0,0.1852174602,1807000000.0,0.1431513903,-191000000,1616000000.0,0.1280202804,389000000.0,1216000000.0,0.0963320922,0.8,0.79,1519000000.0,1540000000.0,https://www.sec.gov/Archives/edgar/data/77476/000007747614000025/0000077476-14-000025-index.htm,https://www.sec.gov/Archives/edgar/data/77476/000007747614000025/pepsicoq1-10xq3222014.htm,541000000
2014-06-14,PEP,USD,0000077476,2014-07-23,2014-07-23 16:25:57,2014,Q2,16894000000.0,7778000000.0,9116000000.0,0.5395998579,0.0,6090000000.0,108000000.0,6198000000.0,22000000.0,6220000000.0,13998000000.0,18000000.0,209000000,639000000,3535000000.0,0.2092458861,2896000000.0,0.1714218066,-191000000,2705000000.0,0.1601160175,718000000.0,1978000000.0,0.117082988,1.3,1.29,1515000000.0,1532000000.0,https://www.sec.gov/Archives/edgar/data/77476/000007747614000044/0000077476-14-000044-index.htm,https://www.sec.gov/Archives/edgar/data/77476/000007747614000044/pepsicoq2-10xq6142014.htm,657000000
2014-09-06,PEP,USD,0000077476,2014-10-09,2014-10-09 16:19:24,2014,Q3,17218000000.0,7995000000.0,9223000000.0,0.5356603554,0.0,6284000000.0,70000000.0,6354000000.0,22000000.0,6376000000.0,14371000000.0,23000000.0,215000000,645000000,3492000000.0,0.2028110117,2847000000.0,0.1653502149,-192000000,2655000000.0,0.154199094,637000000.0,2008000000.0,0.1166221396,1.33,1.32,1507000000.0,1525000000.0,https://www.sec.gov/Archives/edgar/data/77476/000007747614000057/0000077476-14-000057-index.htm,https://www.sec.gov/Archives/edgar/data/77476/000007747614000057/pepsicoq3-10xq962014.htm,668000000
2014-12-27,PEP,USD,0000077476,2015-02-12,2015-02-12 17:01:46,2014,Q4,19948000000.0,9718000000.0,10230000000.0,0.5128333668,0.0,8012000000.0,514000000.0,8526000000.0,-327000000.0,8199000000.0,17917000000.0,34000000.0,284000000,850000000,2881000000.0,0.1444255063,2031000000.0,0.1018147183,-250000000,1781000000.0,0.0892821335,455000000.0,1311000000.0,0.0657208743,0.88,0.87,1488000000.0,1514000000.0,https://www.sec.gov/Archives/edgar/data/77476/000007747615000012/0000077476-15-000012-index.htm,https://www.sec.gov/Archives/edgar/data/77476/000007747615000012/pepsico201410-k.htm,884000000
2015-03-21,PEP,USD,0000077476,2015-04-23,2015-04-23 16:25:27,2015,Q1,12217000000.0,5503000000.0,6714000000.0,0.5495620856,0.0,4873000000.0,89000000.0,4962000000.0,-45000000.0,4917000000.0,10420000000.0,15000000.0,211000000,501000000,2298000000.0,0.1880985512,1797000000.0,0.1470901203,-196000000,1601000000.0,0.1310469019,370000000.0,1221000000.0,0.0999427028,0.83,0.81,1479000000.0,1503000000.0,https://www.sec.gov/Archives/edgar/data/77476/000007747615000021/0000077476-15-000021-index.htm,https://www.sec.gov/Archives/edgar/data/77476/000007747615000021/pepsicoq1-10xq3212015.htm,516000000
2015-06-13,PEP,USD,0000077476,2015-07-09,2015-07-09 16:16:58,2015,Q2,15923000000.0,7251000000.0,8672000000.0,0.5446209885,0.0,5704000000.0,133000000.0,5837000000.0,-65000000.0,5772000000.0,13023000000.0,14000000.0,217000000,579000000,3479000000.0,0.2184889782,2900000000.0,0.1821264837,-203000000,2697000000.0,0.1693776298,703000000.0,1980000000.0,0.1243484268,1.34,1.33,1476000000.0,1491000000.0,https://www.sec.gov/Archives/edgar/data/77476/000007747615000036/0000077476-15-000036-index.htm,https://www.sec.gov/Archives/edgar/data/77476/000007747615000036/pepsicoq2-10xq6132015.htm,593000000
2015-09-05,PEP,USD,0000077476,2015-10-06,2015-10-06 16:17:55,2015,Q3,16331000000.0,7490000000.0,8841000000.0,0.5413630519,0.0,6024000000.0,119000000.0,6143000000.0,1282000000.0,7425000000.0,14915000000.0,2000000.0,225000000,561000000,1977000000.0,0.1210581103,1416000000.0,0.0867062642,-223000000,1193000000.0,0.0730512522,650000000.0,533000000.0,0.0326373155,0.36,0.36,1467000000.0,1483000000.0,https://www.sec.gov/Archives/edgar/data/77476/000007747615000050/0000077476-15-000050-index.htm,https://www.sec.gov/Archives/edgar/data/77476/000007747615000050/pepsicoq3-10xq952015.htm,563000000
2015-12-26,PEP,USD,0000077476,2016-02-11,2016-02-11 16:40:10,2015,Q4,18585000000.0,8727000000.0,9858000000.0,0.5304277643,0.0,7481000000.0,462000000.0,7943000000.0,-325000000.0,7618000000.0,16345000000.0,28000000.0,317000000,785000000,3025000000.0,0.1627656712,2240000000.0,0.120527307,-289000000,1951000000.0,0.1049771321,218000000.0,1718000000.0,0.0924401399,1.19,1.17,1448000000.0,1470000000.0,https://www.sec.gov/Archives/edgar/data/77476/000007747616000066/0000077476-16-000066-index.htm,https://www.sec.gov/Archives/edgar/data/77476/000007747616000066/pepsico201510-k.htm,813000000
2016-03-19,PEP,USD,0000077476,2016-04-18,2016-04-18 16:09:39,2016,Q1,11862000000.0,5151000000.0,6711000000.0,0.5657561963,0.0,5015000000.0,63000000.0,5078000000.0,14000000.0,5092000000.0,10243000000.0,14000000.0,246000000,481000000,2100000000.0,0.177035913,1619000000.0,0.1364862586,-232000000,1387000000.0,0.1169280054,442000000.0,931000000.0,0.0784859214,0.64,0.64,1446000000.0,1459000000.0,https://www.sec.gov/Archives/edgar/data/77476/000007747616000074/0000077476-16-000074-index.htm,https://www.sec.gov/Archives/edgar/data/77476/000007747616000074/pepsicoq1-10xq3192016.htm,495000000
2016-06-11,PEP,USD,0000077476,2016-07-07,2016-07-07 16:20:31,2016,Q2,15395000000.0,6830000000.0,8565000000.0,0.5563494641,0.0,5530000000.0,54000000.0,5584000000.0,17000000.0,5601000000.0,12431000000.0,22000000.0,255000000,577000000,3541000000.0,0.2300097434,2964000000.0,0.1925300422,-233000000,2731000000.0,0.1773952582,718000000.0,2005000000.0,0.13023709,1.39,1.38,1443000000.0,1456000000.0,https://www.sec.gov/Archives/edgar/data/77476/000007747616000094/0000077476-16-000094-index.htm,https://www.sec.gov/Archives/edgar/data/77476/000007747616000094/pepsicoq2-10xq6112016.htm,599000000
2016-09-03,PEP,USD,0000077476,2016-09-29,2016-09-29 16:20:07,2016,Q3,16027000000.0,7284000000.0,8743000000.0,0.5455169402,0.0,5855000000.0,49000000.0,5904000000.0,18000000.0,5922000000.0,13206000000.0,30000000.0,247000000,585000000,3406000000.0,0.2125163786,2821000000.0,0.1760154739,-217000000,2604000000.0,0.1624758221,600000000.0,1992000000.0,0.1242902602,1.38,1.37,1438000000.0,1452000000.0,https://www.sec.gov/Archives/edgar/data/77476/000007747616000107/0000077476-16-000107-index.htm,https://www.sec.gov/Archives/edgar/data/77476/000007747616000107/pepsicoq3-10xq932016.htm,615000000
2016-12-31,PEP,USD,0000077476,2017-02-15,2017-02-15 16:35:15,2016,Q4,19515000000.0,8944000000.0,10571000000.0,0.5416858827,0.0,8169000000.0,0.0,8169000000.0,21000000.0,8190000000.0,17134000000.0,44000000.0,594000000,785000000,3166000000.0,0.1622341788,2381000000.0,0.1220087112,-550000000,1831000000.0,0.0938252626,414000000.0,1401000000.0,0.0717909301,0.98,0.97,1428000000.0,1444000000.0,https://www.sec.gov/Archives/edgar/data/77476/000007747617000010/0000077476-17-000010-index.htm,https://www.sec.gov/Archives/edgar/data/77476/000007747617000010/pepsico201610-k.htm,829000000
2017-03-25,PEP,USD,0000077476,2017-04-26,2017-04-26 16:24:16,2017,Q1,12049000000.0,5290000000.0,6759000000.0,0.5609594157,0.0,4875000000.0,-58000000.0,4817000000.0,79000000.0,4896000000.0,10186000000.0,40000000.0,252000000,506000000,2439000000.0,0.2024234376,1933000000.0,0.1604282513,-212000000,1721000000.0,0.1428334302,392000000.0,1318000000.0,0.1093866711,0.92,0.91,1428000000.0,1440000000.0,https://www.sec.gov/Archives/edgar/data/77476/000007747617000017/0000077476-17-000017-index.htm,https://www.sec.gov/Archives/edgar/data/77476/000007747617000017/pepsicoq1-10xq3252017.htm,546000000
2017-06-17,PEP,USD,0000077476,2017-07-11,2017-07-11 16:19:57,2017,Q2,15710000000.0,7056000000.0,8654000000.0,0.5508593253,0.0,5621000000.0,27000000.0,5648000000.0,16000000.0,5664000000.0,12720000000.0,49000000.0,265000000,590000000,3580000000.0,0.227880331,2990000000.0,0.190324634,-216000000,2774000000.0,0.1765754297,656000000.0,2105000000.0,0.1339910885,1.47,1.46,1428000000.0,1441000000.0,https://www.sec.gov/Archives/edgar/data/77476/000007747617000033/0000077476-17-000033-index.htm,https://www.sec.gov/Archives/edgar/data/77476/000007747617000033/pepsicoq2-10xq6172017.htm,639000000
2017-09-09,PEP,USD,0000077476,2017-10-04,2017-10-04 16:26:06,2017,Q3,16240000000.0,7368000000.0,8872000000.0,0.5463054187,0.0,5926000000.0,-61000000.0,5865000000.0,83000000.0,5948000000.0,13316000000.0,52000000.0,269000000,613000000,3606000000.0,0.222044335,2993000000.0,0.1842980296,-217000000,2776000000.0,0.1709359606,620000000.0,2144000000.0,0.1320197044,1.5,1.49,1425000000.0,1438000000.0,https://www.sec.gov/Archives/edgar/data/77476/000007747617000048/0000077476-17-000048-index.htm,https://www.sec.gov/Archives/edgar/data/77476/000007747617000048/pepsicoq3-10xq992017.htm,665000000
2017-12-30,PEP,USD,0000077476,2018-02-13,2018-02-13 16:32:31,2017,Q4,19526000000.0,9079000000.0,10447000000.0,0.5350302161,0.0,7732000000.0,169000000.0,7901000000.0,-24000000.0,7877000000.0,16956000000.0,103000000.0,365000000,-1626000000,946000000.0,0.0484482229,2572000000.0,0.1317218068,-241000000,2331000000.0,0.1193792892,526000000.0,1805000000.0,0.0924408481,1.27,1.27,1420000000.0,1421000000.0,https://www.sec.gov/Archives/edgar/data/77476/000007747618000012/0000077476-18-000012-index.htm,https://www.sec.gov/Archives/edgar/data/77476/000007747618000012/pepsico201710-k.htm,-1502000000
2018-03-24,PEP,USD,0000077476,2018-04-26,2018-04-26 16:22:42,2018,Q1,12562000000.0,5655000000.0,6907000000.0,0.5498328292,0.0,5104000000.0,-4000000.0,5100000000.0,0.0,5100000000.0,10755000000.0,69000000.0,294000000,629000000,2436000000.0,0.1939181659,1807000000.0,0.1438465213,-150000000,1657000000.0,0.1319057475,303000000.0,1343000000.0,0.1069097278,0.95,0.94,1419000000.0,1430000000.0,https://www.sec.gov/Archives/edgar/data/77476/000007747618000032/0000077476-18-000032-index.htm,https://www.sec.gov/Archives/edgar/data/77476/000007747618000032/pepsicoq1-10xq3242018.htm,773000000
2018-06-16,PEP,USD,0000077476,2018-07-10,2018-07-10 16:17:24,2018,Q2,16090000000.0,7263000000.0,8827000000.0,0.5486016159,0.0,5758000000.0,41000000.0,5799000000.0,0.0,5799000000.0,13062000000.0,98000000.0,308000000,-33000000,2995000000.0,0.1861404599,3028000000.0,0.1881914232,-128000000,2900000000.0,0.1802361715,293000000.0,1820000000.0,0.1620261032,1.84,1.83,1417000000.0,1426000000.0,https://www.sec.gov/Archives/edgar/data/77476/000007747618000055/0000077476-18-000055-index.htm,https://www.sec.gov/Archives/edgar/data/77476/000007747618000055/pepsicoq2-10xq6162018.htm,147000000
2018-09-08,PEP,USD,0000077476,2018-10-02,2018-10-02 16:20:04,2018,Q3,16485000000.0,7527000000.0,8958000000.0,0.5434030937,0.0,6068000000.0,46000000.0,6114000000.0,0.0,6114000000.0,13641000000.0,81000000.0,302000000,634000000,3478000000.0,0.2109796785,2844000000.0,0.1725204732,-147000000,2697000000.0,0.1636032757,112000000.0,2498000000.0,0.1515316955,1.77,1.75,1414000000.0,1424000000.0,https://www.sec.gov/Archives/edgar/data/77476/000007747618000076/0000077476-18-000076-index.htm,https://www.sec.gov/Archives/edgar/data/77476/000007747618000076/pepsicoq3-10xq982018.htm,789000000
2018-12-29,PEP,USD,0000077476,2019-02-15,2019-02-15 16:23:02,2018,Q4,19524000000.0,8933000000.0,10591000000.0,0.5424605614,0.0,7887000000.0,270000000.0,8157000000.0,3000000.0,8160000000.0,17093000000.0,58000000.0,621000000,1632000000,4188000000.0,0.2145052243,2556000000.0,0.1309157959,-621000000,1935000000.0,0.0991087892,-4050000000.0,6854000000.0,0.3510551117,4.86,4.83,1410000000.0,1420000000.0,https://www.sec.gov/Archives/edgar/data/77476/000007747619000017/0000077476-19-000017-index.htm,https://www.sec.gov/Archives/edgar/data/77476/000007747619000017/pepsico201810-k.htm,1632000000
2019-03-23,PEP,USD,0000077476,2019-04-17,2019-04-17 06:03:08,2019,Q1,12884000000.0,5666000000.0,7218000000.0,0.5602297423,0.0,5208000000.0,-20000000.0,5188000000.0,17000000.0,5205000000.0,10871000000.0,63000000.0,267000000,645000000,2653000000.0,0.2059143123,2008000000.0,0.1558522198,-140000000,1868000000.0,0.1449860292,475000000.0,1413000000.0,0.1096709097,1.01,1.0,1406000000.0,1413000000.0,https://www.sec.gov/Archives/edgar/data/77476/000007747619000038/0000077476-19-000038-index.htm,https://www.sec.gov/Archives/edgar/data/77476/000007747619000038/pepsicoq1-10xq2019.htm,772000000
2019-06-15,PEP,USD,0000077476,2019-07-09,2019-07-09 06:07:54,2019,Q2,16449000000.0,7302000000.0,9147000000.0,0.5560824366,0.0,6210000000.0,106000000.0,6316000000.0,102000000.0,6418000000.0,13720000000.0,38000000.0,261000000,649000000,3378000000.0,0.2053620281,2729000000.0,0.1659067421,-162000000,2567000000.0,0.156058119,524000000.0,2035000000.0,0.1237157274,1.45,1.44,1399000000.0,1409000000.0,https://www.sec.gov/Archives/edgar/data/77476/000007747619000070/0000077476-19-000070-index.htm,https://www.sec.gov/Archives/edgar/data/77476/000007747619000070/pepsicoq2-10xq2019.htm,748000000
2019-09-07,PEP,USD,0000077476,2019-10-03,2019-10-03 06:03:29,2019,Q3,17188000000.0,7684000000.0,9504000000.0,0.5529439144,0.0,6547000000.0,92000000.0,6639000000.0,15000000.0,6654000000.0,14338000000.0,38000000.0,262000000,644000000,3499000000.0,0.2035722597,2855000000.0,0.1661042588,-186000000,2669000000.0,0.1552827554,559000000.0,2100000000.0,0.1221782639,1.5,1.49,1397000000.0,1405000000.0,https://www.sec.gov/Archives/edgar/data/77476/000007747619000093/0000077476-19-000093-index.htm,https://www.sec.gov/Archives/edgar/data/77476/000007747619000093/pepsicoq3-10xq2019.htm,720000000
2019-12-28,PEP,USD,0000077476,2020-02-13,2020-02-13 06:09:23,2019,Q4,20640000000.0,9331000000.0,11309000000.0,0.5479166667,0.0,8555000000.0,40000000.0,8595000000.0,17000000.0,8612000000.0,17943000000.0,61000000.0,345000000,619000000,3318000000.0,0.160755814,2699000000.0,0.1307655039,-491000000,2208000000.0,0.1069767442,409000000.0,1766000000.0,0.0855620155,1.27,1.26,1391000000.0,1401000000.0,https://www.sec.gov/Archives/edgar/data/77476/000007747620000015/0000077476-20-000015-index.htm,https://www.sec.gov/Archives/edgar/data/77476/000007747620000015/pepsico201910-k.htm,473000000
2020-03-21,PEP,USD,0000077476,2020-04-28,2020-04-28 06:03:50,2020,Q1,13881000000.0,6125000000.0,7756000000.0,0.5587493696,0.0,5707000000.0,123000000.0,5830000000.0,8000000.0,5838000000.0,11963000000.0,0.0,290000000,597000000,2521000000.0,0.1816151574,1924000000.0,0.1386067286,-213000000,1711000000.0,0.1232620128,360000000.0,1338000000.0,0.0963907499,0.96,0.96,1390000000.0,1396000000.0,https://www.sec.gov/Archives/edgar/data/77476/000007747620000041/0000077476-20-000041-index.htm,https://www.sec.gov/Archives/edgar/data/77476/000007747620000041/pepsicoq1-10xq2020.htm,674000000
2020-06-13,PEP,USD,0000077476,2020-07-13,2020-07-13 06:03:55,2020,Q2,15945000000.0,7088000000.0,8857000000.0,0.5554719348,0.0,0.0,0.0,6538000000.0,0.0,6538000000.0,13626000000.0,0.0,235000000,661000000,2980000000.0,0.1868924428,2319000000.0,0.1454374412,-151000000,2168000000.0,0.1359673879,510000000.0,1646000000.0,0.1032298526,1.19,1.18,1387000000.0,1393000000.0,https://www.sec.gov/Archives/edgar/data/77476/000007747620000060/0000077476-20-000060-index.htm,https://www.sec.gov/Archives/edgar/data/77476/000007747620000060/pepsicoq2-10xq2020.htm,745000000
2020-09-05,PEP,USD,0000077476,2020-10-01,2020-09-30 17:42:34,2020,Q3,18091000000.0,8156000000.0,9935000000.0,0.5491680946,0.0,0.0,0.0,6924000000.0,0.0,6924000000.0,15080000000.0,0.0,264000000,679000000,3690000000.0,0.2039688243,3011000000.0,0.1664363496,-178000000,2833000000.0,0.156597203,526000000.0,2291000000.0,0.1266375546,1.66,1.65,1383000000.0,1390000000.0,https://www.sec.gov/Archives/edgar/data/77476/000007747620000068/0000077476-20-000068-index.htm,https://www.sec.gov/Archives/edgar/data/77476/000007747620000068/pep-20200905.htm,765000000
2020-12-26,PEP,USD,0000077476,2021-02-11,2021-02-10 17:41:49,2020,Q4,22455000000.0,10426000000.0,12029000000.0,0.5356936094,0.0,0.0,0.0,9203000000.0,0.0,9203000000.0,19629000000.0,0.0,339000000,673000000,3499000000.0,0.1558227566,2826000000.0,0.1258517034,-469000000,2357000000.0,0.1049654865,498000000.0,1845000000.0,0.0821643287,1.34,1.33,1380000000.0,1388000000.0,https://www.sec.gov/Archives/edgar/data/77476/000007747621000007/0000077476-21-000007-index.htm,https://www.sec.gov/Archives/edgar/data/77476/000007747621000007/pep-20201226.htm,543000000
2021-03-20,PEP,USD,0000077476,2021-04-15,2021-04-14 17:37:04,2021,Q1,14820000000.0,6671000000.0,8149000000.0,0.5498650472,0.0,0.0,0.0,5837000000.0,0.0,5837000000.0,12508000000.0,0.0,258000000,671000000,2983000000.0,0.2012820513,2312000000.0,0.1560053981,-138000000,2174000000.0,0.1466936572,451000000.0,1714000000.0,0.1156545209,1.24,1.24,1380000000.0,1387000000.0,https://www.sec.gov/Archives/edgar/data/77476/000007747621000018/0000077476-21-000018-index.htm,https://www.sec.gov/Archives/edgar/data/77476/000007747621000018/pep-20210320.htm,791000000
2021-06-12,PEP,USD,0000077476,2021-07-13,2021-07-12 17:37:10,2021,Q2,19217000000.0,8880000000.0,10337000000.0,0.5379091429,0.0,0.0,0.0,7208000000.0,0.0,7208000000.0,16088000000.0,0.0,241000000,765000000,3894000000.0,0.2026330853,3129000000.0,0.1628245824,-115000000,3014000000.0,0.1568402977,642000000.0,2358000000.0,0.122703856,1.71,1.7,1382000000.0,1388000000.0,https://www.sec.gov/Archives/edgar/data/77476/000007747621000039/0000077476-21-000039-index.htm,https://www.sec.gov/Archives/edgar/data/77476/000007747621000039/pep-20210612.htm,891000000
2021-09-04,PEP,USD,0000077476,2021-10-05,2021-10-04 17:41:11,2021,Q3,20189000000.0,9394000000.0,10795000000.0,0.5346971123,0.0,0.0,0.0,7636000000.0,0.0,7636000000.0,17030000000.0,0.0,232000000,749000000,3908000000.0,0.1935707564,3159000000.0,0.1564713458,-114000000,3045000000.0,0.1508247065,802000000.0,2224000000.0,0.1101589975,1.61,1.6,1382000000.0,1389000000.0,https://www.sec.gov/Archives/edgar/data/77476/000007747621000050/0000077476-21-000050-index.htm,https://www.sec.gov/Archives/edgar/data/77476/000007747621000050/pep-20210904.htm,867000000
2021-12-25,PEP,USD,0000077476,2022-02-10,2022-02-09 18:03:39,2021,Q4,25248000000.0,12130000000.0,13118000000.0,0.5195659062,0.0,0.0,0.0,10556000000.0,0.0,10556000000.0,22686000000.0,0.0,1132000000,1491000000,4053000000.0,0.1605275665,2562000000.0,0.101473384,-974000000,1588000000.0,0.062896071,247000000.0,1341000000.0,0.0531131179,0.97,0.96,1383000000.0,1390000000.0,https://www.sec.gov/Archives/edgar/data/77476/000007747622000010/0000077476-22-000010-index.htm,https://www.sec.gov/Archives/edgar/data/77476/000007747622000010/pep-20211225.htm,1649000000
2022-03-19,PEP,USD,0000077476,2022-04-26,2022-04-25 17:51:15,2022,Q1,16200000000.0,7433000000.0,8767000000.0,0.5411728395,0.0,0.0,0.0,6822000000.0,0.0,6822000000.0,14255000000.0,0.0,240000000,658000000,2737000000.0,0.1689506173,2079000000.0,0.1283333333,3082000000,5161000000.0,0.3185802469,888000000.0,4273000000.0,0.2637654321,3.09,3.07,1383000000.0,1391000000.0,https://www.sec.gov/Archives/edgar/data/77476/000007747622000020/0000077476-22-000020-index.htm,https://www.sec.gov/Archives/edgar/data/77476/000007747622000020/pep-20220319.htm,3980000000
2022-06-11,PEP,USD,0000077476,2022-07-12,2022-07-11 17:56:41,2022,Q2,20225000000.0,9415000000.0,10810000000.0,0.534487021,0.0,0.0,0.0,7387000000.0,0.0,7387000000.0,16802000000.0,0.0,236000000,760000000,4181000000.0,0.2067243511,3421000000.0,0.1691470952,-1582000000,1839000000.0,0.0909270705,393000000.0,1429000000.0,0.0706551298,1.03,1.03,1382000000.0,1389000000.0,https://www.sec.gov/Archives/edgar/data/77476/000007747622000043/0000077476-22-000043-index.htm,https://www.sec.gov/Archives/edgar/data/77476/000007747622000043/pep-20220611.htm,-586000000
2022-09-03,PEP,USD,0000077476,2022-10-12,2022-10-11 17:56:11,2022,Q3,21971000000.0,10308000000.0,11663000000.0,0.5308361021,0.0,0.0,0.0,8295000000.0,0.0,8295000000.0,18603000000.0,0.0,190000000,833000000,4186000000.0,0.1905238724,3353000000.0,0.152610259,-154000000,3199000000.0,0.1456010195,475000000.0,2702000000.0,0.1229802922,1.96,1.95,1380000000.0,1387000000.0,https://www.sec.gov/Archives/edgar/data/77476/000007747622000052/0000077476-22-000052-index.htm,https://www.sec.gov/Archives/edgar/data/77476/000007747622000052/pep-20220903.htm,869000000
2022-12-31,PEP,USD,0000077476,2023-02-09,2023-02-08 18:06:37,2022,Q4,27996000000.0,13420000000.0,14576000000.0,0.5206458065,0.0,0.0,0.0,12197000000.0,0.0,12197000000.0,25617000000.0,0.0,273000000,1080000000,2343000000.0,0.0836905272,1263000000.0,0.0451135877,-757000000,506000000.0,0.0180740106,-29000000.0,518000000.0,0.0185026432,0.38,0.37,1377000000.0,1385000000.0,https://www.sec.gov/Archives/edgar/data/77476/000007747623000007/0000077476-23-000007-index.htm,https://www.sec.gov/Archives/edgar/data/77476/000007747623000007/pep-20221231.htm,596000000
2023-03-25,PEP,USD,0000077476,2023-04-25,2023-04-24 17:57:25,2023,Q1,17846000000.0,7988000000.0,9858000000.0,0.552392693,0.0,0.0,0.0,7229000000.0,0.0,7229000000.0,15217000000.0,0.0,200000000,767000000,3396000000.0,0.1902947439,2629000000.0,0.1473159251,-139000000,2490000000.0,0.1395270649,546000000.0,1932000000.0,0.108259554,1.4,1.4,1378000000.0,1384000000.0,https://www.sec.gov/Archives/edgar/data/77476/000007747623000023/0000077476-23-000023-index.htm,https://www.sec.gov/Archives/edgar/data/77476/000007747623000023/pep-20230325.htm,828000000
2023-06-11,,,,,,,Q2,20899632417.582417,9767916930.940426,11131715486.64199,,,,,8338031886.74581,,,,,200000000,767000000,,,2793683599.896181,,-139000000,2654683599.896181,,632353976.4086295,2022329623.4875517,,,,,,,,828000000
2023-09-03,,,,,,,Q3,22980538736.263737,10778642105.230824,12201896631.032913,,,,,9240944319.73044,,,,,200000000,767000000,,,2960952311.302473,,-139000000,2821952311.302473,,672197909.1434582,2149754402.1590147,,,,,,,,828000000
2023-12-31,,,,,,,Q4,29655215232.544975,14020625420.131325,15634589812.41365,,,,,12137109486.099747,,,,,200000000,767000000,,,3497480326.313904,,-139000000,3358480326.313904,,800000568.4736984,2558479757.840205,,,,,,,,828000000
2024-03-24,,,,,,,Q1,18808649354.938828,8752297341.795258,10056352013.14357,,,,,7430747119.780618,,,,,200000000,767000000,,,2625604893.362952,,-139000000,2486604893.362952,,592317100.2889808,1894287793.0739713,,,,,,,,828000000
2024-06-10,,,,,,,Q2,22006464835.164837,10305520848.102913,11700943987.061924,,,,,8818290292.46727,,,,,200000000,767000000,,,2882653694.594654,,-139000000,2743653694.594654,,653546932.5734365,2090106762.0212176,,,,,,,,828000000
2024-09-02,,,,,,,Q3,24381677472.527473,11459194699.406528,12922482773.120945,,,,,9848903252.793129,,,,,200000000,767000000,,,3073579520.327816,,-139000000,2934579520.327816,,699026064.2884883,2235553456.0393276,,,,,,,,828000000
2024-12-30,,,,,,,Q4,31809006020.710747,15066751596.120544,16742254424.590202,,,,,13071646741.921526,,,,,200000000,767000000,,,3670607682.6686764,,-139000000,3531607682.6686764,,841240048.847305,2690367633.821371,,,,,,,,828000000
